algorithm,test_rmse,test_mae,fit_time,test_time
KNNBasic,0.9624949829549179,0.7465854356015,0.03777666091918945,0.31360664367675783
KNNWithMeans,0.9374897078893097,0.7339770235508908,0.052367544174194335,0.36637444496154786
KNNWithZScore,0.9376963241760141,0.7311935441505598,0.0841484546661377,0.37537283897399903
SVD,0.8831122649866705,0.696880328194618,3.1776419639587403,0.09753999710083008
