algorithm,test_rmse,test_mae,fit_time,test_time
KNNBasic,0.9627563686818735,0.7455903961402446,0.037377023696899415,0.30361309051513674
KNNWithMeans,0.9389790691691484,0.7343224374735412,0.05116844177246094,0.33919081687927244
KNNWithZScore,0.9372413667181227,0.7307110741706039,0.08263039588928223,0.3873845100402832
SVD,0.8824911854978794,0.6959998127710412,3.116887331008911,0.09614062309265137
